{
    "id": "breakfast",
    "title": "Breakfast",
    "description": "Draw a bacon and eggs breakfast!",
    "startAt": 2,
    "fatherDay": true,
    "steps": [
        {
            "hint": "Set the background to blue - **type** `background blue`",
            "solution": "background blue"
        },
        {
            "hint": "Set the stroke to 0, to avoid drawing lines",
            "solution": "stroke 0"
        },
        {
            "hint": "Set the color to white",
            "solution": "color white"
        },
        {
            "hint": "Draw a circle with a size of 240",
            "solution": "\n#Plate\ncircle 240",
            "validate": "circle 240"
        },
        {
            "hint": "Set the color to `'#eee'` - **type** `color '#eee'`",
            "solution": "color '#eee'"
        },
        {
            "hint": "Draw a circle with a size of 200",
            "solution": "circle 200"
        },
        {
            "hint": "Move up and left - **type** `move -70, -70`",
            "solution": "\n#Egg\nmove -70, -70",
            "validate": "move -70,-70"
        },
        {
            "hint": "Set the color to white",
            "solution": "color  white"
        },
        {
            "hint": "Draw a circle with a size of 80",
            "solution": "circle 80"
        },
        {
            "hint": "Set the color to yellow",
            "solution": "color yellow"
        },
        {
            "hint": "Draw a circle with a size of 30",
            "solution": "circle 30"
        },
        {
            "hint": "Move up and right - **type** `move 90, -60`",
            "solution": "\n#Bacon 1\nmove 90, -60",
            "validate": "move 90,-60"
        },
        {
            "hint": "Set the color to red",
            "solution": "color red"
        },
        {
            "hint": "Draw a rectangle with a size of 60 and 200 - **type** `rectangle 60, 200`",
            "solution": "rectangle 60, 200"
        },
        {
            "hint": "Move 30 to the right - **type** `move 30`",
            "solution": "move 30"
        },
        {
            "hint": "Set the color to `'#aa0000'` - **type** `color '#aa0000'`",
            "solution": "color '#aa0000'"
        },
        {
            "hint": "Draw a rectangle with a size of 30 and 200 - **type** `rectangle 30, 200`",
            "solution": "rectangle 30, 200"
        },
        {
            "hint": "Move down and left - **type** `move -3, 10`",
            "solution": "move -3, 10"
        },
        {
            "hint": "Set the color to white",
            "solution": "color white"
        },
        {
            "hint": "Draw a rectangle with a size of 6 and 180 - **type** `rectangle 6, 180`",
            "solution": "rectangle 6, 180"
        },
        {
            "hint": "Move down and right - **type** `move 40, 50`",
            "solution": "\n#Bacon 2\nmove 40, 50",
            "validate": "move 40, 50"
        },
        {
            "hint": "Set the color to red",
            "solution": "color red"
        },
        {
            "hint": "Draw a rectangle with a size of 60 and 200 - **type** `rectangle 60, 200`",
            "solution": "rectangle 60, 200"
        },
        {
            "hint": "Move 30 to the right - **type** `move 30`",
            "solution": "move 30"
        },
        {
            "hint": "Set the color to `'#aa0000'` - **type** `color '#aa0000'`",
            "solution": "color '#aa0000'"
        },
        {
            "hint": "Draw a rectangle with a size of 30 and 200 - **type** `rectangle 30, 200`",
            "solution": "rectangle 30, 200"
        },
        {
            "hint": "Move down and left - **type** `move -3, 10`",
            "solution": "move -3, 10"
        },
        {
            "hint": "Set the color to white",
            "solution": "color white"
        },
        {
            "hint": "Draw a rectangle with a size of 6 and 180 - **type** `rectangle 6, 180`",
            "solution": "rectangle 6, 180"
        },
        {
            "hint": "Move down and left - **type** `move -200, 150`",
            "solution": "\n#Tomato 1\nmove -200, 150",
            "validate": "move -200, 150"
        },
        {
            "hint": "Set the color to red",
            "solution": "color red"
        },
        {
            "hint": "Draw a circle with a size of 40",
            "solution": "circle 40"
        },
        {
            "hint": "Set the color to `'#cc4444'` - **type** `color '#cc4444'`",
            "solution": "color '#cc4444'"
        },
        {
            "hint": "Draw a circle with a size of 35",
            "solution": "circle 35"
        },
        {
            "hint": "Set the color to `'#aa4444'` - **type** `color '#aa4444'`",
            "solution": "color '#aa4444'"
        },
        {
            "hint": "Draw an ellipse with a size of 30 and 10",
            "solution": "ellipse 30, 10"
        },
        {
            "hint": "Draw an ellipse with a size of 10 and 30",
            "solution": "ellipse 10, 30"
        },
        {
            "hint": "Move down and right - **type** `move 70, 50`",
            "solution": "\n#Tomato 2\nmove 70, 50",
            "validate": "move 70, 50"
        },
        {
            "hint": "Set the color to red",
            "solution": "color red"
        },
        {
            "hint": "Draw a circle with a size of 40",
            "solution": "circle 40"
        },
        {
            "hint": "Set the color to `'#cc4444'` - **type** `color '#cc4444'`",
            "solution": "color '#cc4444'"
        },
        {
            "hint": "Draw a circle with a size of 35",
            "solution": "circle 35"
        },
        {
            "hint": "Set the color to `'#aa4444'` - **type** `color '#aa4444'`",
            "solution": "color '#aa4444'"
        },
        {
            "hint": "Draw an ellipse with a size of 30 and 10",
            "solution": "ellipse 30, 10"
        },
        {
            "hint": "Draw an ellipse with a size of 10 and 30",
            "solution": "ellipse 10, 30"
        }
    ],
    "completion_text": "Well done!",
    "cover": "breakfast.png"
}