{
    "id": "smiley",
    "title": "Your first face",
    "description": "Draw a face",
    "startAt": 2,
    "steps": [
        {
            "hint": "Set the drawing color to yellow - **type** `color yellow`",
            "solution": "color yellow"
        },
        {
            "hint": "Choose a thick black stroke - **type** `stroke black, 20`",
            "solution": "stroke black, 20"
        },
        {
            "hint": "Draw a circle with a size of 200",
            "solution": "circle 200"
        },
        {
            "hint": "Move left and up by 80 - **type** `move -80, -80`",
            "solution": "move -80, -80"
        },
        {
            "hint": "Set the drawing color to black",
            "solution": "color black"
        },
        {
            "hint": "Draw a circle with a radius of 20",
            "solution": "circle 20"
        },
        {
            "hint": "Move right by 160 - **type** `move 160`",
            "solution": "move 160"
        },
        {
            "hint": "Draw another circle with a size of 20",
            "solution": "circle 20"
        },
        {
            "hint": "Move to the center and down - In a new line, **type** `moveTo 250, 270`",
            "solution": "moveTo 250, 270"
        },
        {
            "hint": "An arc is part of a circle, we can draw one as the mouth - **type** `arc 100, 1, 2`",
            "solution": "arc 100, 1, 2"
        }
    ],
    "completion_text": "Nice! Keep up the good work you face drawing genius!",
    "cover": "smiley.png",
    "index": 4,
    "hasNext": true
}