{
    "challenges": [
        {
            "id": "shrinking",
            "title": "Shrinking Circles",
            "cover": "shrinking.png",
            "index": 1,
            "hasNext": true
        },
        {
            "id": "random",
            "title": "Random!",
            "cover": "random.png",
            "index": 2,
            "hasNext": true
        },
        {
            "id": "starry",
            "title": "Starry sky",
            "cover": "starry-sky.png",
            "index": 3,
            "hasNext": true
        },
        {
            "id": "house",
            "title": "House",
            "cover": "house.png",
            "index": 4,
            "hasNext": true
        },
        {
            "id": "dots",
            "title": "Dots Pattern",
            "cover": "dots.png",
            "index": 5,
            "hasNext": true
        },
        {
            "id": "gradient",
            "title": "Rainbow gradient",
            "cover": "gradient.png",
            "index": 6,
            "hasNext": true
        },
        {
            "id": "planet",
            "title": "Planet painter",
            "cover": "planet.png",
            "index": 7,
            "hasNext": true
        },
        {
            "id": "pizza",
            "title": "Pizza",
            "cover": "pizza.png",
            "index": 8,
            "hasNext": false
        }
    ],
    "id": "medium",
    "name": "Medium",
    "description": "Medium challenges",
    "world_path": "worlds/medium",
    "cover": "world_covers/medium",
    "css_class": "medium",
    "dependency": [
        "basic"
    ],
    "type": "normal"
}