{
    "id": "hoc-005-spookyeyes",
    "title": "Spooky Eyes",
    "description": "Draw a pair of staring eyes in the dark",
    "startAt": 2,
    "steps": [
        {
            "hint": "Set the background to black",
            "solution": "background black"
        },
        {
            "hint": "To be extra spooky, we want to be able to move our eyes around. Let’s use a variable. **Type** `y = 250`.",
            "solution": "y = 250"
        },
        {
            "hint": "We'll move into position with a fixed x value and the variable 'y' that we created. **Type** `moveTo 150, y`.",
            "solution": "moveTo 150, y"
        },
        {
            "hint": "Set the drawing color to white",
            "solution": "color white"
        },
        {
            "hint": "Draw an ellipse, it's like a stretched circle - **type** `ellipse 60, 40`",
            "solution": "ellipse 60, 40"
        },
        {
            "hint": "Set the drawing color to black - **type** `color black`",
            "solution": "color black"
        },
        {
            "hint": "Draw a circle with a size of 10 - **type** `circle 10`",
            "solution": "circle 10"
        },
        {
            "hint": "Move to the right by 200 - **type** `move 200`",
            "solution": "move 200"
        },
        {
            "hint": "Set the drawing color to white again",
            "solution": "color white"
        },
        {
            "hint": "Now draw another ellipse with width 60 and height 40 -  **type** `ellipse 60, 40`",
            "solution": "ellipse 60, 40"
        },
        {
            "hint": "Set the drawing color to black",
            "solution": "color black"
        },
        {
            "hint": "Finish it up by drawing a circle with a size of 10",
            "solution": "circle 10"
        }
    ],
    "completion_text": "You Wizard! The next time I need spooky eyes I know who to call! Click and drag the slider over the y value on line two for a spooky effect.",
    "cover": "hoc-005-spookyeyes.png",
    "index": 5,
    "hasNext": true
}