{
    "id": "hoc-004-swedishflag",
    "title": "Swedish Flag",
    "description": "Make the Swedish Flag with code",
    "code": "",
    "startAt": 2,
    "steps": [
        {
            "hint": "Let’s get moving. Start the flag off by typing `background blue`.",
            "solution": "background blue"
        },
        {
            "hint": "The Swedish flag has big yellow bars so set the stroke with `stroke 100, yellow`.",
            "solution": "stroke 100, yellow"
        },
        {
            "hint": "We've always drawn from the middle of the canvas, but we can move around by **typing** `moveTo 150, 0`.",
            "solution": "moveTo 150, 0"
        },
        {
            "hint": "**Type** `line 0, 500` to make the first bar.",
            "solution": "line 0, 500"
        },
        {
            "hint": "Let’s move again, this time to the left. **Type** `moveTo 0, 250`.",
            "solution": "moveTo 0, 250"
        },
        {
            "hint": "And the final line. **Type** `line 500, 0`.",
            "solution": "line 500, 0"
        }
    ],
    "completion_text": "See how the small crosshair has moved to the left? If you move your mouse over the canvas you can see how the x and y values change. This can help figure out where you are on the canvas.",
    "cover": "hoc-004-swedishflag.png",
    "index": 4,
    "hasNext": true
}