{
    "id": "hoc-007-forloop",
    "title": "Hypnotic patterns",
    "description": "Use a loop to draw a hypnotic pattern.",
    "startAt": 2,
    "steps": [
        {
            "hint": "Our hynotic pattern needs a cool background color. **Type** `background aquamarine`",
            "solution": "background aquamarine"
        },
        {
            "hint": "Our spiral should have a nice big stroke. **Type** `stroke 10`",
            "solution": "stroke 10"
        },
        {
            "hint": "Set the drawing color to `white`",
            "solution": "color white"
        },
        {
            "hint": "We want to draw 20 circles. If we did it the old way and wrote each circle out that would take a very long time. We can use a loop and a variable to repeat the action, and change the variable every time the loop runs. **Type** `for i in [20 .. 0]`",
            "solution": "for i in [20 .. 0]"
        },
        {
            "hint": "We’re going to use the `i` variable our loop made for us to set how big the circle should be. **Type** `circle 10 * i`",
            "solution": "    circle 10 * i",
            "validate": "    circle 10 *\\* *i"
        }
    ],
    "completion_text": "Wow! That appeared out of nowhere. Click and use the slider with the number '10' on the last line. See if you can figure out what it does.",
    "cover": "hoc-007-forloop.png",
    "index": 7,
    "hasNext": true
}