{
    "id": "hoc-006-steve",
    "title": "Steve",
    "description": "Make Steve's face with simple shapes.",
    "startAt": 2,
    "steps": [
        {
            "hint": "We are going to just be using solid squares and rectangles, so lets turn our stroke off with `stroke 0`",
            "solution": "stroke 0"
        },
        {
            "hint": "Set the background to lightbrown",
            "solution": "background lightbrown"
        },
        {
            "hint": "Set the drawing color for the hair with `color brown`.",
            "solution": "color brown"
        },
        {
            "hint": "The hair starts in the top-left corner, so **type** `moveTo 0, 0`.",
            "solution": "moveTo 0, 0"
        },
        {
            "hint": "We’ll draw a rectangle, which takes a width and height parameter. **Type** `rectangle 500, 150`",
            "solution": "rectangle 500, 150"
        },
        {
            "hint": "Set the drawing color to lightbrown - **type** `color lightbrown`",
            "solution": "color lightbrown"
        },
        {
            "hint": "Move into position for the forehead, **type** `moveTo 100, 100`",
            "solution": "moveTo 100, 100"
        },
        {
            "hint": "Now to draw the forehead, **type** `rectangle 300, 50`",
            "solution": "rectangle 300, 50"
        },
        {
            "hint": "For the eyes, set the color to white",
            "solution": "color white"
        },
        {
            "hint": "Now let’s move with `moveTo 100, 200`",
            "solution": "moveTo 100, 200"
        },
        {
            "hint": "Draw the eye with `square 50`",
            "solution": "square 50"
        },
        {
            "hint": "For the other eye, **type** `moveTo 350, 200`",
            "solution": "moveTo 350, 200"
        },
        {
            "hint": "And another square of size 50",
            "solution": "square 50"
        },
        {
            "hint": "For the iris we’ll use the color purple.",
            "solution": "color purple"
        },
        {
            "hint": "Move to `150, 200`.",
            "solution": "moveTo 150, 200"
        },
        {
            "hint": "Draw a square of size 50.",
            "solution": "square 50"
        },
        {
            "hint": "Move to `300, 200`.",
            "solution": "moveTo 300, 200"
        },
        {
            "hint": "And draw the final iris with a square of size 50.",
            "solution": "square 50"
        },
        {
            "hint": "We’ll draw the nose next. **Type** `color brown`",
            "solution": "color brown"
        },
        {
            "hint": "Move into position with `moveTo 200, 250`.",
            "solution": "moveTo 200, 250"
        },
        {
            "hint": "Draw out a rectangle of width `100` and height `50`.",
            "solution": "rectangle 100, 50"
        },
        {
            "hint": "For the mouth set the drawing color to `saddlebrown`.",
            "solution": "color saddlebrown"
        },
        {
            "hint": "Move to `150, 300`",
            "solution": "moveTo 150, 300"
        },
        {
            "hint": "The mouth should be wide rectangle. **Type** `200, 100`.",
            "solution": "rectangle 200, 100"
        },
        {
            "hint": "To make the mouth just right we need to cut out a bit of the top. Set the drawing color to the same color as the skin. **Type** `color lightbrown`",
            "solution": "color lightbrown"
        },
        {
            "hint": "Move to `200, 300`.",
            "solution": "moveTo 200, 300"
        },
        {
            "hint": "Finish up with `rectangle 100, 50` ",
            "solution": "rectangle 100, 50"
        }
    ],
    "completion_text": "Well done! Our character is looking good. What parts can you change to make the character look more like you?",
    "cover": "hoc-006-steve.png",
    "index": 6,
    "hasNext": true
}