{
    "id": "hoc-001-target",
    "title": "Target",
    "description": "Code a target",
    "code": "",
    "startAt": 2,
    "steps": [
        {
            "hint": "Welcome to Make Art. Let’s get started. **Type** `circle 250`.",
            "solution": "circle 250"
        },
        {
            "hint": "When you are done typing your line, press ENTER on your keyboard. Now let’s set the drawing color to white - on the second line **type** `color white`",
            "solution": "color white"
        },
        {
            "hint": "To cut out a hole in the larger circle, we can make a smaller circle. **Type** `circle 200`",
            "solution": "circle 200"
        },
        {
            "hint": "Let’s keep going here. We can make a target design with another circle. Set the drawing color to black. **Type** `color black`",
            "solution": "color black"
        },
        {
            "hint": "Lets make another circle. **Type** `circle 150`",
            "solution": "circle 150"
        },
        {
            "hint": "Again, to cut out this smaller circle, we can use another white circle with `color white`",
            "solution": "color white"
        },
        {
            "hint": "Now **type** `circle 100`",
            "solution": "circle 100"
        },
        {
            "hint": "One last circle with `color black`",
            "solution": "color black"
        },
        {
            "hint": "And finish it off with `circle 50`",
            "solution": "circle 50"
        }
    ],
    "completion_text": "Well done! You’ve made your first design with code. But oh, doesn't this look a bit dull? Try changing the color in order to: red, yellow, green, blue, magenta. That’s better.",
    "cover": "hoc-001-target.png",
    "index": 1,
    "hasNext": true
}