{
    "worlds": [
        {
            "id": "basic",
            "name": "Basic",
            "description": "This is a first set of challenges which will make you started with Make-Art",
            "cover": "world_covers/basic",
            "world_path": "worlds/basic",
            "css_class": "basic-challenges",
            "type": "normal",
            "challenges_num": 6
        },
        {
            "id": "medium",
            "name": "Medium",
            "description": "Medium challenges",
            "cover": "world_covers/medium",
            "world_path": "worlds/medium",
            "css_class": "medium",
            "dependency": [
                "basic"
            ],
            "type": "normal",
            "challenges_num": 8
        },
        {
            "id": "summercamp",
            "name": "Summercamp",
            "description": "This is a first set of challenges which will make you started with Make-Art",
            "cover": "world_covers/summercamp",
            "world_path": "worlds/summercamp",
            "css_class": "_summercamp",
            "dependency": [
                "medium"
            ],
            "type": "campaign",
            "challenges_num": 21
        },
        {
            "id": "hourofcode",
            "name": "Hour of Code",
            "description": "This is a group of challenges for the hour of code",
            "cover": "world_covers/basic",
            "world_path": "worlds/hourofcode",
            "visibility": "hidden",
            "css_class": "hourofcode",
            "type": "campaign",
            "challenges_num": 11
        },
        {
            "id": "mischiefweek2015",
            "name": "Mischief Week",
            "description": "This is a Halloween dedicated world",
            "cover": "world_covers/mischiefweek",
            "world_path": "worlds/mischiefweek2015",
            "start_date": "2015-10-26T06:00:00",
            "css_class": "mischiefweek2015",
            "type": "campaign",
            "share_strategy": "mandatory",
            "sales_popup_after": 2,
            "challenges_num": 7
        }
    ]
}